method,metoda,AUC-PR,rank,dataset,folder
metoda19,run19_BuzzFeed_pr_curve.csv,0.5878928832361642,1,BuzzFeed,results_1_classic
metoda12-rf,run12-rf_BuzzFeed_pr_curve.csv,0.5764805954847447,2,BuzzFeed,results_1_classic
metoda13,run13_BuzzFeed_pr_curve.csv,0.552470755261242,3,BuzzFeed,results_1_classic
metoda5,run5_BuzzFeed_pr_curve.csv,0.5523413709883542,4,BuzzFeed,results_1_classic
metoda12-catboost,run12-catboost_BuzzFeed_pr_curve.csv,0.5509751547116649,5,BuzzFeed,results_1_classic
metoda7,run7_BuzzFeed_pr_curve.csv,0.5502495980905798,6,BuzzFeed,results_1_classic
metoda9,run9_BuzzFeed_pr_curve.csv,0.5279914472241797,7,BuzzFeed,results_1_classic
metoda11,run11_BuzzFeed_pr_curve.csv,0.5275444597964546,8,BuzzFeed,results_1_classic
metoda6,run6_BuzzFeed_pr_curve.csv,0.524171800653578,9,BuzzFeed,results_1_classic
metoda3,run3_BuzzFeed_pr_curve.csv,0.524171800653578,10,BuzzFeed,results_1_classic
metoda2,run2_BuzzFeed_pr_curve.csv,0.524171800653578,11,BuzzFeed,results_1_classic
metoda20,run20_BuzzFeed_pr_curve.csv,0.524171800653578,12,BuzzFeed,results_1_classic
metoda4,run4_BuzzFeed_pr_curve.csv,0.524171800653578,13,BuzzFeed,results_1_classic
metoda15,run15_BuzzFeed_pr_curve.csv,0.524171800653578,14,BuzzFeed,results_1_classic
metoda8,run8_BuzzFeed_pr_curve.csv,0.524171800653578,15,BuzzFeed,results_1_classic
metoda1-2,run1-2_BuzzFeed_pr_curve.csv,0.5235471321293833,16,BuzzFeed,results_1_classic
metoda10,run10_BuzzFeed_pr_curve.csv,0.5092425819648818,17,BuzzFeed,results_1_classic
metoda14,run14_BuzzFeed_pr_curve.csv,0.4873421042804442,18,BuzzFeed,results_1_classic
metoda1-5,run1-5_BuzzFeed_pr_curve.csv,0.4767631295902548,19,BuzzFeed,results_1_classic
metoda18,run18_BuzzFeed_pr_curve.csv,0.47474451427834174,20,BuzzFeed,results_1_classic
metoda16,run16_BuzzFeed_pr_curve.csv,0.470779171131226,21,BuzzFeed,results_1_classic
metoda1-3,run1-3_BuzzFeed_pr_curve.csv,0.397560256701143,22,BuzzFeed,results_1_classic
metoda1-1,run1-1_BuzzFeed_pr_curve.csv,0.388887547951287,23,BuzzFeed,results_1_classic
metoda1-4,run1-4_BuzzFeed_pr_curve.csv,0.3804672633175874,24,BuzzFeed,results_1_classic
metoda17,run17_BuzzFeed_pr_curve.csv,0.3755356102481058,25,BuzzFeed,results_1_classic
metoda19,run19_ISOT_pr_curve.csv,0.6913346312986811,1,ISOT,results_1_classic
metoda16,run16_ISOT_pr_curve.csv,0.6875136078370849,2,ISOT,results_1_classic
metoda14,run14_ISOT_pr_curve.csv,0.6874568664490494,3,ISOT,results_1_classic
metoda12-rf,run12-rf_ISOT_pr_curve.csv,0.6784769622280598,4,ISOT,results_1_classic
metoda5,run5_ISOT_pr_curve.csv,0.6703290905534236,5,ISOT,results_1_classic
metoda13,run13_ISOT_pr_curve.csv,0.6526667351509927,6,ISOT,results_1_classic
metoda11,run11_ISOT_pr_curve.csv,0.6495969424705635,7,ISOT,results_1_classic
metoda9,run9_ISOT_pr_curve.csv,0.6401891775113349,8,ISOT,results_1_classic
metoda7,run7_ISOT_pr_curve.csv,0.636910953810925,9,ISOT,results_1_classic
metoda10,run10_ISOT_pr_curve.csv,0.6299608102550471,10,ISOT,results_1_classic
metoda18,run18_ISOT_pr_curve.csv,0.6287845964143561,11,ISOT,results_1_classic
metoda1-3,run1-3_ISOT_pr_curve.csv,0.6255385010181403,12,ISOT,results_1_classic
metoda1-2,run1-2_ISOT_pr_curve.csv,0.6250425261716208,13,ISOT,results_1_classic
metoda12-catboost,run12-catboost_ISOT_pr_curve.csv,0.623716898388374,14,ISOT,results_1_classic
metoda1-1,run1-1_ISOT_pr_curve.csv,0.6217576657789333,15,ISOT,results_1_classic
metoda1-4,run1-4_ISOT_pr_curve.csv,0.6216747611309419,16,ISOT,results_1_classic
metoda1-5,run1-5_ISOT_pr_curve.csv,0.6216229858643497,17,ISOT,results_1_classic
metoda17,run17_ISOT_pr_curve.csv,0.6155848970340368,18,ISOT,results_1_classic
metoda2,run2_ISOT_pr_curve.csv,0.5852901031137109,19,ISOT,results_1_classic
metoda3,run3_ISOT_pr_curve.csv,0.5852901031137109,20,ISOT,results_1_classic
metoda4,run4_ISOT_pr_curve.csv,0.5852901031137109,21,ISOT,results_1_classic
metoda15,run15_ISOT_pr_curve.csv,0.5852901031137109,22,ISOT,results_1_classic
metoda6,run6_ISOT_pr_curve.csv,0.5852901031137109,23,ISOT,results_1_classic
metoda8,run8_ISOT_pr_curve.csv,0.5852901031137109,24,ISOT,results_1_classic
metoda20,run20_ISOT_pr_curve.csv,0.5852901031137109,25,ISOT,results_1_classic
metoda19,run19_WELFake_pr_curve.csv,0.8616469892060642,1,WELFake,results_1_classic
metoda12-rf,run12-rf_WELFake_pr_curve.csv,0.836003464541898,2,WELFake,results_1_classic
metoda16,run16_WELFake_pr_curve.csv,0.8357236059851462,3,WELFake,results_1_classic
metoda14,run14_WELFake_pr_curve.csv,0.8354902334377536,4,WELFake,results_1_classic
metoda5,run5_WELFake_pr_curve.csv,0.8272654966777366,5,WELFake,results_1_classic
metoda13,run13_WELFake_pr_curve.csv,0.8190836389487568,6,WELFake,results_1_classic
metoda7,run7_WELFake_pr_curve.csv,0.7851250398692994,7,WELFake,results_1_classic
metoda9,run9_WELFake_pr_curve.csv,0.7826277573383051,8,WELFake,results_1_classic
metoda18,run18_WELFake_pr_curve.csv,0.7792393938301229,9,WELFake,results_1_classic
metoda11,run11_WELFake_pr_curve.csv,0.7780101506227728,10,WELFake,results_1_classic
metoda10,run10_WELFake_pr_curve.csv,0.7755082668074833,11,WELFake,results_1_classic
metoda20,run20_WELFake_pr_curve.csv,0.773406354117205,12,WELFake,results_1_classic
metoda3,run3_WELFake_pr_curve.csv,0.773406354117205,13,WELFake,results_1_classic
metoda15,run15_WELFake_pr_curve.csv,0.773406354117205,14,WELFake,results_1_classic
metoda8,run8_WELFake_pr_curve.csv,0.773406354117205,15,WELFake,results_1_classic
metoda6,run6_WELFake_pr_curve.csv,0.773406354117205,16,WELFake,results_1_classic
metoda4,run4_WELFake_pr_curve.csv,0.773406354117205,17,WELFake,results_1_classic
metoda2,run2_WELFake_pr_curve.csv,0.773406354117205,18,WELFake,results_1_classic
metoda12-catboost,run12-catboost_WELFake_pr_curve.csv,0.7724394708556457,19,WELFake,results_1_classic
metoda1-1,run1-1_WELFake_pr_curve.csv,0.7722381377261905,20,WELFake,results_1_classic
metoda1-2,run1-2_WELFake_pr_curve.csv,0.7706805042279107,21,WELFake,results_1_classic
metoda1-4,run1-4_WELFake_pr_curve.csv,0.7705317957835943,22,WELFake,results_1_classic
metoda1-5,run1-5_WELFake_pr_curve.csv,0.7680034204999209,23,WELFake,results_1_classic
metoda1-3,run1-3_WELFake_pr_curve.csv,0.7558458958543393,24,WELFake,results_1_classic
metoda17,run17_WELFake_pr_curve.csv,0.7403653316166632,25,WELFake,results_1_classic
metoda1-4,run1-4_BuzzFeed_pr_curve.csv,0.8211111111111111,1,BuzzFeed,results_1_few_shot
metoda14,run14_BuzzFeed_pr_curve.csv,0.723095238095238,2,BuzzFeed,results_1_few_shot
metoda1-3,run1-3_BuzzFeed_pr_curve.csv,0.5949206349206348,3,BuzzFeed,results_1_few_shot
metoda10,run10_BuzzFeed_pr_curve.csv,0.5359126984126984,4,BuzzFeed,results_1_few_shot
metoda7,run7_BuzzFeed_pr_curve.csv,0.5279365079365079,5,BuzzFeed,results_1_few_shot
metoda1-2,run1-2_BuzzFeed_pr_curve.csv,0.5168253968253969,6,BuzzFeed,results_1_few_shot
metoda12-rf,run12-rf_BuzzFeed_pr_curve.csv,0.4876984126984127,7,BuzzFeed,results_1_few_shot
metoda13,run13_BuzzFeed_pr_curve.csv,0.4639682539682539,8,BuzzFeed,results_1_few_shot
metoda5,run5_BuzzFeed_pr_curve.csv,0.4393650793650794,9,BuzzFeed,results_1_few_shot
metoda18,run18_BuzzFeed_pr_curve.csv,0.4317857142857143,10,BuzzFeed,results_1_few_shot
metoda9,run9_BuzzFeed_pr_curve.csv,0.39682539682539675,11,BuzzFeed,results_1_few_shot
metoda19,run19_BuzzFeed_pr_curve.csv,0.3815873015873016,12,BuzzFeed,results_1_few_shot
metoda11,run11_BuzzFeed_pr_curve.csv,0.36924603174603177,13,BuzzFeed,results_1_few_shot
metoda1-5,run1-5_BuzzFeed_pr_curve.csv,0.3646031746031746,14,BuzzFeed,results_1_few_shot
metoda1-1,run1-1_BuzzFeed_pr_curve.csv,0.3612698412698413,15,BuzzFeed,results_1_few_shot
metoda17,run17_BuzzFeed_pr_curve.csv,0.3509126984126984,16,BuzzFeed,results_1_few_shot
metoda12-catboost,run12-catboost_BuzzFeed_pr_curve.csv,0.35,17,BuzzFeed,results_1_few_shot
metoda20,run20_BuzzFeed_pr_curve.csv,0.33246031746031746,18,BuzzFeed,results_1_few_shot
metoda2,run2_BuzzFeed_pr_curve.csv,0.33246031746031746,19,BuzzFeed,results_1_few_shot
metoda3,run3_BuzzFeed_pr_curve.csv,0.33246031746031746,20,BuzzFeed,results_1_few_shot
metoda4,run4_BuzzFeed_pr_curve.csv,0.33246031746031746,21,BuzzFeed,results_1_few_shot
metoda15,run15_BuzzFeed_pr_curve.csv,0.33246031746031746,22,BuzzFeed,results_1_few_shot
metoda6,run6_BuzzFeed_pr_curve.csv,0.33246031746031746,23,BuzzFeed,results_1_few_shot
metoda8,run8_BuzzFeed_pr_curve.csv,0.33246031746031746,24,BuzzFeed,results_1_few_shot
metoda16,run16_BuzzFeed_pr_curve.csv,0.33246031746031746,25,BuzzFeed,results_1_few_shot
metoda12-rf,run12-rf_ISOT_pr_curve.csv,1.0,1,ISOT,results_1_few_shot
metoda14,run14_ISOT_pr_curve.csv,1.0,2,ISOT,results_1_few_shot
metoda9,run9_ISOT_pr_curve.csv,0.919642857142857,3,ISOT,results_1_few_shot
metoda12-catboost,run12-catboost_ISOT_pr_curve.csv,0.9166666666666665,4,ISOT,results_1_few_shot
metoda18,run18_ISOT_pr_curve.csv,0.9055555555555554,5,ISOT,results_1_few_shot
metoda13,run13_ISOT_pr_curve.csv,0.8944444444444444,6,ISOT,results_1_few_shot
metoda5,run5_ISOT_pr_curve.csv,0.8930952380952379,7,ISOT,results_1_few_shot
metoda19,run19_ISOT_pr_curve.csv,0.874642857142857,8,ISOT,results_1_few_shot
metoda11,run11_ISOT_pr_curve.csv,0.8605555555555555,9,ISOT,results_1_few_shot
metoda10,run10_ISOT_pr_curve.csv,0.8163095238095237,10,ISOT,results_1_few_shot
metoda17,run17_ISOT_pr_curve.csv,0.7684523809523809,11,ISOT,results_1_few_shot
metoda7,run7_ISOT_pr_curve.csv,0.7684523809523809,12,ISOT,results_1_few_shot
metoda1-1,run1-1_ISOT_pr_curve.csv,0.7329761904761904,13,ISOT,results_1_few_shot
metoda1-2,run1-2_ISOT_pr_curve.csv,0.7329761904761904,14,ISOT,results_1_few_shot
metoda1-4,run1-4_ISOT_pr_curve.csv,0.7329761904761904,15,ISOT,results_1_few_shot
metoda1-5,run1-5_ISOT_pr_curve.csv,0.6851190476190476,16,ISOT,results_1_few_shot
metoda1-3,run1-3_ISOT_pr_curve.csv,0.6851190476190476,17,ISOT,results_1_few_shot
metoda15,run15_ISOT_pr_curve.csv,0.6580952380952381,18,ISOT,results_1_few_shot
metoda20,run20_ISOT_pr_curve.csv,0.6580952380952381,19,ISOT,results_1_few_shot
metoda2,run2_ISOT_pr_curve.csv,0.6580952380952381,20,ISOT,results_1_few_shot
metoda3,run3_ISOT_pr_curve.csv,0.6580952380952381,21,ISOT,results_1_few_shot
metoda4,run4_ISOT_pr_curve.csv,0.6580952380952381,22,ISOT,results_1_few_shot
metoda6,run6_ISOT_pr_curve.csv,0.6580952380952381,23,ISOT,results_1_few_shot
metoda8,run8_ISOT_pr_curve.csv,0.6580952380952381,24,ISOT,results_1_few_shot
metoda16,run16_ISOT_pr_curve.csv,0.47555555555555556,25,ISOT,results_1_few_shot
metoda9,run9_WELFake_pr_curve.csv,1.0,1,WELFake,results_1_few_shot
metoda12-catboost,run12-catboost_WELFake_pr_curve.csv,1.0,2,WELFake,results_1_few_shot
metoda13,run13_WELFake_pr_curve.csv,0.9633333333333334,3,WELFake,results_1_few_shot
metoda19,run19_WELFake_pr_curve.csv,0.9380952380952381,4,WELFake,results_1_few_shot
metoda5,run5_WELFake_pr_curve.csv,0.8647619047619046,5,WELFake,results_1_few_shot
metoda12-rf,run12-rf_WELFake_pr_curve.csv,0.8647619047619046,6,WELFake,results_1_few_shot
metoda8,run8_WELFake_pr_curve.csv,0.8347619047619046,7,WELFake,results_1_few_shot
metoda6,run6_WELFake_pr_curve.csv,0.8347619047619046,8,WELFake,results_1_few_shot
metoda4,run4_WELFake_pr_curve.csv,0.8347619047619046,9,WELFake,results_1_few_shot
metoda3,run3_WELFake_pr_curve.csv,0.8347619047619046,10,WELFake,results_1_few_shot
metoda2,run2_WELFake_pr_curve.csv,0.8347619047619046,11,WELFake,results_1_few_shot
metoda15,run15_WELFake_pr_curve.csv,0.8347619047619046,12,WELFake,results_1_few_shot
metoda20,run20_WELFake_pr_curve.csv,0.8347619047619046,13,WELFake,results_1_few_shot
metoda1-1,run1-1_WELFake_pr_curve.csv,0.8064285714285713,14,WELFake,results_1_few_shot
metoda1-5,run1-5_WELFake_pr_curve.csv,0.8064285714285713,15,WELFake,results_1_few_shot
metoda1-3,run1-3_WELFake_pr_curve.csv,0.7879761904761904,16,WELFake,results_1_few_shot
metoda7,run7_WELFake_pr_curve.csv,0.7766666666666666,17,WELFake,results_1_few_shot
metoda1-2,run1-2_WELFake_pr_curve.csv,0.7684523809523809,18,WELFake,results_1_few_shot
metoda1-4,run1-4_WELFake_pr_curve.csv,0.7422222222222221,19,WELFake,results_1_few_shot
metoda18,run18_WELFake_pr_curve.csv,0.7167857142857144,20,WELFake,results_1_few_shot
metoda10,run10_WELFake_pr_curve.csv,0.6884126984126984,21,WELFake,results_1_few_shot
metoda17,run17_WELFake_pr_curve.csv,0.6746031746031746,22,WELFake,results_1_few_shot
metoda11,run11_WELFake_pr_curve.csv,0.6634920634920635,23,WELFake,results_1_few_shot
metoda14,run14_WELFake_pr_curve.csv,0.6424603174603174,24,WELFake,results_1_few_shot
metoda16,run16_WELFake_pr_curve.csv,0.37579365079365074,25,WELFake,results_1_few_shot
metoda1-1,run1-1_BuzzFeed_pr_curve.csv,1.0,1,BuzzFeed,results_1_one_shot
metoda1-2,run1-2_BuzzFeed_pr_curve.csv,1.0,2,BuzzFeed,results_1_one_shot
metoda8,run8_BuzzFeed_pr_curve.csv,1.0,3,BuzzFeed,results_1_one_shot
metoda7,run7_BuzzFeed_pr_curve.csv,1.0,4,BuzzFeed,results_1_one_shot
metoda6,run6_BuzzFeed_pr_curve.csv,1.0,5,BuzzFeed,results_1_one_shot
metoda5,run5_BuzzFeed_pr_curve.csv,1.0,6,BuzzFeed,results_1_one_shot
metoda4,run4_BuzzFeed_pr_curve.csv,1.0,7,BuzzFeed,results_1_one_shot
metoda3,run3_BuzzFeed_pr_curve.csv,1.0,8,BuzzFeed,results_1_one_shot
metoda2,run2_BuzzFeed_pr_curve.csv,1.0,9,BuzzFeed,results_1_one_shot
metoda20,run20_BuzzFeed_pr_curve.csv,1.0,10,BuzzFeed,results_1_one_shot
metoda17,run17_BuzzFeed_pr_curve.csv,1.0,11,BuzzFeed,results_1_one_shot
metoda16,run16_BuzzFeed_pr_curve.csv,1.0,12,BuzzFeed,results_1_one_shot
metoda15,run15_BuzzFeed_pr_curve.csv,1.0,13,BuzzFeed,results_1_one_shot
metoda14,run14_BuzzFeed_pr_curve.csv,1.0,14,BuzzFeed,results_1_one_shot
metoda13,run13_BuzzFeed_pr_curve.csv,1.0,15,BuzzFeed,results_1_one_shot
metoda12-rf,run12-rf_BuzzFeed_pr_curve.csv,1.0,16,BuzzFeed,results_1_one_shot
metoda12-catboost,run12-catboost_BuzzFeed_pr_curve.csv,1.0,17,BuzzFeed,results_1_one_shot
metoda11,run11_BuzzFeed_pr_curve.csv,1.0,18,BuzzFeed,results_1_one_shot
metoda1-5,run1-5_BuzzFeed_pr_curve.csv,1.0,19,BuzzFeed,results_1_one_shot
metoda1-3,run1-3_BuzzFeed_pr_curve.csv,1.0,20,BuzzFeed,results_1_one_shot
metoda9,run9_BuzzFeed_pr_curve.csv,1.0,21,BuzzFeed,results_1_one_shot
metoda18,run18_BuzzFeed_pr_curve.csv,0.25,22,BuzzFeed,results_1_one_shot
metoda19,run19_BuzzFeed_pr_curve.csv,0.25,23,BuzzFeed,results_1_one_shot
metoda10,run10_BuzzFeed_pr_curve.csv,0.25,24,BuzzFeed,results_1_one_shot
metoda1-4,run1-4_BuzzFeed_pr_curve.csv,0.25,25,BuzzFeed,results_1_one_shot
metoda1-1,run1-1_ISOT_pr_curve.csv,0.25,1,ISOT,results_1_one_shot
metoda17,run17_ISOT_pr_curve.csv,0.25,2,ISOT,results_1_one_shot
metoda8,run8_ISOT_pr_curve.csv,0.25,3,ISOT,results_1_one_shot
metoda7,run7_ISOT_pr_curve.csv,0.25,4,ISOT,results_1_one_shot
metoda6,run6_ISOT_pr_curve.csv,0.25,5,ISOT,results_1_one_shot
metoda5,run5_ISOT_pr_curve.csv,0.25,6,ISOT,results_1_one_shot
metoda4,run4_ISOT_pr_curve.csv,0.25,7,ISOT,results_1_one_shot
metoda3,run3_ISOT_pr_curve.csv,0.25,8,ISOT,results_1_one_shot
metoda2,run2_ISOT_pr_curve.csv,0.25,9,ISOT,results_1_one_shot
metoda20,run20_ISOT_pr_curve.csv,0.25,10,ISOT,results_1_one_shot
metoda19,run19_ISOT_pr_curve.csv,0.25,11,ISOT,results_1_one_shot
metoda18,run18_ISOT_pr_curve.csv,0.25,12,ISOT,results_1_one_shot
metoda16,run16_ISOT_pr_curve.csv,0.25,13,ISOT,results_1_one_shot
metoda1-2,run1-2_ISOT_pr_curve.csv,0.25,14,ISOT,results_1_one_shot
metoda15,run15_ISOT_pr_curve.csv,0.25,15,ISOT,results_1_one_shot
metoda14,run14_ISOT_pr_curve.csv,0.25,16,ISOT,results_1_one_shot
metoda13,run13_ISOT_pr_curve.csv,0.25,17,ISOT,results_1_one_shot
metoda12-rf,run12-rf_ISOT_pr_curve.csv,0.25,18,ISOT,results_1_one_shot
metoda12-catboost,run12-catboost_ISOT_pr_curve.csv,0.25,19,ISOT,results_1_one_shot
metoda11,run11_ISOT_pr_curve.csv,0.25,20,ISOT,results_1_one_shot
metoda10,run10_ISOT_pr_curve.csv,0.25,21,ISOT,results_1_one_shot
metoda1-5,run1-5_ISOT_pr_curve.csv,0.25,22,ISOT,results_1_one_shot
metoda1-4,run1-4_ISOT_pr_curve.csv,0.25,23,ISOT,results_1_one_shot
metoda1-3,run1-3_ISOT_pr_curve.csv,0.25,24,ISOT,results_1_one_shot
metoda9,run9_ISOT_pr_curve.csv,0.25,25,ISOT,results_1_one_shot
metoda1-1,run1-1_WELFake_pr_curve.csv,1.0,1,WELFake,results_1_one_shot
metoda17,run17_WELFake_pr_curve.csv,1.0,2,WELFake,results_1_one_shot
metoda8,run8_WELFake_pr_curve.csv,1.0,3,WELFake,results_1_one_shot
metoda7,run7_WELFake_pr_curve.csv,1.0,4,WELFake,results_1_one_shot
metoda6,run6_WELFake_pr_curve.csv,1.0,5,WELFake,results_1_one_shot
metoda5,run5_WELFake_pr_curve.csv,1.0,6,WELFake,results_1_one_shot
metoda4,run4_WELFake_pr_curve.csv,1.0,7,WELFake,results_1_one_shot
metoda3,run3_WELFake_pr_curve.csv,1.0,8,WELFake,results_1_one_shot
metoda2,run2_WELFake_pr_curve.csv,1.0,9,WELFake,results_1_one_shot
metoda20,run20_WELFake_pr_curve.csv,1.0,10,WELFake,results_1_one_shot
metoda19,run19_WELFake_pr_curve.csv,1.0,11,WELFake,results_1_one_shot
metoda18,run18_WELFake_pr_curve.csv,1.0,12,WELFake,results_1_one_shot
metoda16,run16_WELFake_pr_curve.csv,1.0,13,WELFake,results_1_one_shot
metoda1-2,run1-2_WELFake_pr_curve.csv,1.0,14,WELFake,results_1_one_shot
metoda15,run15_WELFake_pr_curve.csv,1.0,15,WELFake,results_1_one_shot
metoda14,run14_WELFake_pr_curve.csv,1.0,16,WELFake,results_1_one_shot
metoda13,run13_WELFake_pr_curve.csv,1.0,17,WELFake,results_1_one_shot
metoda12-rf,run12-rf_WELFake_pr_curve.csv,1.0,18,WELFake,results_1_one_shot
metoda12-catboost,run12-catboost_WELFake_pr_curve.csv,1.0,19,WELFake,results_1_one_shot
metoda11,run11_WELFake_pr_curve.csv,1.0,20,WELFake,results_1_one_shot
metoda10,run10_WELFake_pr_curve.csv,1.0,21,WELFake,results_1_one_shot
metoda1-5,run1-5_WELFake_pr_curve.csv,1.0,22,WELFake,results_1_one_shot
metoda1-4,run1-4_WELFake_pr_curve.csv,1.0,23,WELFake,results_1_one_shot
metoda1-3,run1-3_WELFake_pr_curve.csv,1.0,24,WELFake,results_1_one_shot
metoda9,run9_WELFake_pr_curve.csv,1.0,25,WELFake,results_1_one_shot
metoda1-5,run1-5_BuzzFeed_pr_curve.csv,0.7867485649467174,1,BuzzFeed,results_2_classic
metoda1-4,run1-4_BuzzFeed_pr_curve.csv,0.7799660933671426,2,BuzzFeed,results_2_classic
metoda1-2,run1-2_BuzzFeed_pr_curve.csv,0.7690233443840991,3,BuzzFeed,results_2_classic
metoda10,run10_BuzzFeed_pr_curve.csv,0.758365390693319,4,BuzzFeed,results_2_classic
metoda17,run17_BuzzFeed_pr_curve.csv,0.7563013789170479,5,BuzzFeed,results_2_classic
metoda1-1,run1-1_BuzzFeed_pr_curve.csv,0.7562291973511769,6,BuzzFeed,results_2_classic
metoda1-3,run1-3_BuzzFeed_pr_curve.csv,0.7325900366531095,7,BuzzFeed,results_2_classic
metoda12-catboost,run12-catboost_BuzzFeed_pr_curve.csv,0.7202198474629599,8,BuzzFeed,results_2_classic
metoda2,run2_BuzzFeed_pr_curve.csv,0.6412144466663582,9,BuzzFeed,results_2_classic
metoda20,run20_BuzzFeed_pr_curve.csv,0.6412144466663582,10,BuzzFeed,results_2_classic
metoda6,run6_BuzzFeed_pr_curve.csv,0.6412144466663582,11,BuzzFeed,results_2_classic
metoda3,run3_BuzzFeed_pr_curve.csv,0.6412144466663582,12,BuzzFeed,results_2_classic
metoda15,run15_BuzzFeed_pr_curve.csv,0.6412144466663582,13,BuzzFeed,results_2_classic
metoda4,run4_BuzzFeed_pr_curve.csv,0.6412144466663582,14,BuzzFeed,results_2_classic
metoda8,run8_BuzzFeed_pr_curve.csv,0.6412144466663582,15,BuzzFeed,results_2_classic
metoda18,run18_BuzzFeed_pr_curve.csv,0.5734725516474165,16,BuzzFeed,results_2_classic
metoda11,run11_BuzzFeed_pr_curve.csv,0.5713671148152811,17,BuzzFeed,results_2_classic
metoda13,run13_BuzzFeed_pr_curve.csv,0.540610279003582,18,BuzzFeed,results_2_classic
metoda7,run7_BuzzFeed_pr_curve.csv,0.5282165658698484,19,BuzzFeed,results_2_classic
metoda9,run9_BuzzFeed_pr_curve.csv,0.5236173457774973,20,BuzzFeed,results_2_classic
metoda19,run19_BuzzFeed_pr_curve.csv,0.5216465075630838,21,BuzzFeed,results_2_classic
metoda16,run16_BuzzFeed_pr_curve.csv,0.4721110377317136,22,BuzzFeed,results_2_classic
metoda5,run5_BuzzFeed_pr_curve.csv,0.47037580429582254,23,BuzzFeed,results_2_classic
metoda14,run14_BuzzFeed_pr_curve.csv,0.4703297879502166,24,BuzzFeed,results_2_classic
metoda12-rf,run12-rf_BuzzFeed_pr_curve.csv,0.4679318675106488,25,BuzzFeed,results_2_classic
metoda14,run14_ISOT_pr_curve.csv,0.827720670484797,1,ISOT,results_2_classic
metoda16,run16_ISOT_pr_curve.csv,0.8276521454079774,2,ISOT,results_2_classic
metoda19,run19_ISOT_pr_curve.csv,0.8251675018270285,3,ISOT,results_2_classic
metoda12-rf,run12-rf_ISOT_pr_curve.csv,0.8160305222790442,4,ISOT,results_2_classic
metoda11,run11_ISOT_pr_curve.csv,0.815113045423429,5,ISOT,results_2_classic
metoda7,run7_ISOT_pr_curve.csv,0.8139821911397902,6,ISOT,results_2_classic
metoda9,run9_ISOT_pr_curve.csv,0.8090499691364235,7,ISOT,results_2_classic
metoda13,run13_ISOT_pr_curve.csv,0.8080249892732511,8,ISOT,results_2_classic
metoda10,run10_ISOT_pr_curve.csv,0.8032158872398144,9,ISOT,results_2_classic
metoda20,run20_ISOT_pr_curve.csv,0.8029151295471912,10,ISOT,results_2_classic
metoda6,run6_ISOT_pr_curve.csv,0.8029151295471912,11,ISOT,results_2_classic
metoda15,run15_ISOT_pr_curve.csv,0.8029151295471912,12,ISOT,results_2_classic
metoda8,run8_ISOT_pr_curve.csv,0.8029151295471912,13,ISOT,results_2_classic
metoda2,run2_ISOT_pr_curve.csv,0.8029151295471912,14,ISOT,results_2_classic
metoda3,run3_ISOT_pr_curve.csv,0.8029151295471912,15,ISOT,results_2_classic
metoda4,run4_ISOT_pr_curve.csv,0.8029151295471912,16,ISOT,results_2_classic
metoda1-2,run1-2_ISOT_pr_curve.csv,0.8017749829901871,17,ISOT,results_2_classic
metoda1-5,run1-5_ISOT_pr_curve.csv,0.8013106554560777,18,ISOT,results_2_classic
metoda18,run18_ISOT_pr_curve.csv,0.8009741497650527,19,ISOT,results_2_classic
metoda1-3,run1-3_ISOT_pr_curve.csv,0.7983164831292875,20,ISOT,results_2_classic
metoda1-1,run1-1_ISOT_pr_curve.csv,0.7982144198368625,21,ISOT,results_2_classic
metoda1-4,run1-4_ISOT_pr_curve.csv,0.7955130704339863,22,ISOT,results_2_classic
metoda5,run5_ISOT_pr_curve.csv,0.7947792489126655,23,ISOT,results_2_classic
metoda17,run17_ISOT_pr_curve.csv,0.7927555142877292,24,ISOT,results_2_classic
metoda12-catboost,run12-catboost_ISOT_pr_curve.csv,0.7891183119218568,25,ISOT,results_2_classic
metoda19,run19_WELFake_pr_curve.csv,0.8684508043149232,1,WELFake,results_2_classic
metoda12-rf,run12-rf_WELFake_pr_curve.csv,0.842736281682145,2,WELFake,results_2_classic
metoda14,run14_WELFake_pr_curve.csv,0.8396196352026423,3,WELFake,results_2_classic
metoda16,run16_WELFake_pr_curve.csv,0.8395660163198473,4,WELFake,results_2_classic
metoda5,run5_WELFake_pr_curve.csv,0.8360812239402343,5,WELFake,results_2_classic
metoda13,run13_WELFake_pr_curve.csv,0.8296450720126312,6,WELFake,results_2_classic
metoda11,run11_WELFake_pr_curve.csv,0.8159786653437725,7,WELFake,results_2_classic
metoda7,run7_WELFake_pr_curve.csv,0.8146716580994902,8,WELFake,results_2_classic
metoda9,run9_WELFake_pr_curve.csv,0.8105784167363309,9,WELFake,results_2_classic
metoda10,run10_WELFake_pr_curve.csv,0.809297323968751,10,WELFake,results_2_classic
metoda15,run15_WELFake_pr_curve.csv,0.8073998768987214,11,WELFake,results_2_classic
metoda20,run20_WELFake_pr_curve.csv,0.8073998768987214,12,WELFake,results_2_classic
metoda2,run2_WELFake_pr_curve.csv,0.8073998768987214,13,WELFake,results_2_classic
metoda3,run3_WELFake_pr_curve.csv,0.8073998768987214,14,WELFake,results_2_classic
metoda4,run4_WELFake_pr_curve.csv,0.8073998768987214,15,WELFake,results_2_classic
metoda6,run6_WELFake_pr_curve.csv,0.8073998768987214,16,WELFake,results_2_classic
metoda8,run8_WELFake_pr_curve.csv,0.8073998768987214,17,WELFake,results_2_classic
metoda18,run18_WELFake_pr_curve.csv,0.8068596984287418,18,WELFake,results_2_classic
metoda1-1,run1-1_WELFake_pr_curve.csv,0.806049689985407,19,WELFake,results_2_classic
metoda1-5,run1-5_WELFake_pr_curve.csv,0.8050560993458804,20,WELFake,results_2_classic
metoda1-4,run1-4_WELFake_pr_curve.csv,0.8038403438624556,21,WELFake,results_2_classic
metoda12-catboost,run12-catboost_WELFake_pr_curve.csv,0.8037716472300034,22,WELFake,results_2_classic
metoda1-3,run1-3_WELFake_pr_curve.csv,0.8036407371762452,23,WELFake,results_2_classic
metoda17,run17_WELFake_pr_curve.csv,0.8031916627979347,24,WELFake,results_2_classic
metoda1-2,run1-2_WELFake_pr_curve.csv,0.8022323805431707,25,WELFake,results_2_classic
metoda17,run17_BuzzFeed_pr_curve.csv,0.9183333333333332,1,BuzzFeed,results_2_few_shot
metoda10,run10_BuzzFeed_pr_curve.csv,0.7026984126984126,2,BuzzFeed,results_2_few_shot
metoda9,run9_BuzzFeed_pr_curve.csv,0.6634920634920635,3,BuzzFeed,results_2_few_shot
metoda1-1,run1-1_BuzzFeed_pr_curve.csv,0.6588888888888889,4,BuzzFeed,results_2_few_shot
metoda1-4,run1-4_BuzzFeed_pr_curve.csv,0.6588888888888889,5,BuzzFeed,results_2_few_shot
metoda13,run13_BuzzFeed_pr_curve.csv,0.6334523809523809,6,BuzzFeed,results_2_few_shot
metoda1-3,run1-3_BuzzFeed_pr_curve.csv,0.6144444444444443,7,BuzzFeed,results_2_few_shot
metoda7,run7_BuzzFeed_pr_curve.csv,0.6144444444444443,8,BuzzFeed,results_2_few_shot
metoda12-catboost,run12-catboost_BuzzFeed_pr_curve.csv,0.6039682539682539,9,BuzzFeed,results_2_few_shot
metoda16,run16_BuzzFeed_pr_curve.csv,0.6030555555555555,10,BuzzFeed,results_2_few_shot
metoda18,run18_BuzzFeed_pr_curve.csv,0.5829761904761905,11,BuzzFeed,results_2_few_shot
metoda14,run14_BuzzFeed_pr_curve.csv,0.5829761904761905,12,BuzzFeed,results_2_few_shot
metoda1-5,run1-5_BuzzFeed_pr_curve.csv,0.5534126984126984,13,BuzzFeed,results_2_few_shot
metoda1-2,run1-2_BuzzFeed_pr_curve.csv,0.5099206349206349,14,BuzzFeed,results_2_few_shot
metoda11,run11_BuzzFeed_pr_curve.csv,0.43603174603174605,15,BuzzFeed,results_2_few_shot
metoda19,run19_BuzzFeed_pr_curve.csv,0.4217460317460317,16,BuzzFeed,results_2_few_shot
metoda12-rf,run12-rf_BuzzFeed_pr_curve.csv,0.41638888888888886,17,BuzzFeed,results_2_few_shot
metoda15,run15_BuzzFeed_pr_curve.csv,0.4151190476190476,18,BuzzFeed,results_2_few_shot
metoda20,run20_BuzzFeed_pr_curve.csv,0.4151190476190476,19,BuzzFeed,results_2_few_shot
metoda2,run2_BuzzFeed_pr_curve.csv,0.4151190476190476,20,BuzzFeed,results_2_few_shot
metoda3,run3_BuzzFeed_pr_curve.csv,0.4151190476190476,21,BuzzFeed,results_2_few_shot
metoda4,run4_BuzzFeed_pr_curve.csv,0.4151190476190476,22,BuzzFeed,results_2_few_shot
metoda6,run6_BuzzFeed_pr_curve.csv,0.4151190476190476,23,BuzzFeed,results_2_few_shot
metoda8,run8_BuzzFeed_pr_curve.csv,0.4151190476190476,24,BuzzFeed,results_2_few_shot
metoda5,run5_BuzzFeed_pr_curve.csv,0.3756349206349206,25,BuzzFeed,results_2_few_shot
metoda16,run16_ISOT_pr_curve.csv,1.0,1,ISOT,results_2_few_shot
metoda19,run19_ISOT_pr_curve.csv,1.0,2,ISOT,results_2_few_shot
metoda14,run14_ISOT_pr_curve.csv,0.9633333333333334,3,ISOT,results_2_few_shot
metoda5,run5_ISOT_pr_curve.csv,0.9183333333333332,4,ISOT,results_2_few_shot
metoda9,run9_ISOT_pr_curve.csv,0.8930952380952379,5,ISOT,results_2_few_shot
metoda13,run13_ISOT_pr_curve.csv,0.8599999999999999,6,ISOT,results_2_few_shot
metoda18,run18_ISOT_pr_curve.csv,0.8267857142857142,7,ISOT,results_2_few_shot
metoda6,run6_ISOT_pr_curve.csv,0.8163095238095237,8,ISOT,results_2_few_shot
metoda8,run8_ISOT_pr_curve.csv,0.8163095238095237,9,ISOT,results_2_few_shot
metoda15,run15_ISOT_pr_curve.csv,0.8163095238095237,10,ISOT,results_2_few_shot
metoda20,run20_ISOT_pr_curve.csv,0.8163095238095237,11,ISOT,results_2_few_shot
metoda2,run2_ISOT_pr_curve.csv,0.8163095238095237,12,ISOT,results_2_few_shot
metoda3,run3_ISOT_pr_curve.csv,0.8163095238095237,13,ISOT,results_2_few_shot
metoda4,run4_ISOT_pr_curve.csv,0.8163095238095237,14,ISOT,results_2_few_shot
metoda10,run10_ISOT_pr_curve.csv,0.7766666666666666,15,ISOT,results_2_few_shot
metoda12-rf,run12-rf_ISOT_pr_curve.csv,0.7564285714285713,16,ISOT,results_2_few_shot
metoda7,run7_ISOT_pr_curve.csv,0.7514285714285713,17,ISOT,results_2_few_shot
metoda1-2,run1-2_ISOT_pr_curve.csv,0.6914285714285714,18,ISOT,results_2_few_shot
metoda11,run11_ISOT_pr_curve.csv,0.6851190476190476,19,ISOT,results_2_few_shot
metoda17,run17_ISOT_pr_curve.csv,0.6567460317460316,20,ISOT,results_2_few_shot
metoda12-catboost,run12-catboost_ISOT_pr_curve.csv,0.6529761904761905,21,ISOT,results_2_few_shot
metoda1-4,run1-4_ISOT_pr_curve.csv,0.5730952380952381,22,ISOT,results_2_few_shot
metoda1-3,run1-3_ISOT_pr_curve.csv,0.5730952380952381,23,ISOT,results_2_few_shot
metoda1-5,run1-5_ISOT_pr_curve.csv,0.5730952380952381,24,ISOT,results_2_few_shot
metoda1-1,run1-1_ISOT_pr_curve.csv,0.5730952380952381,25,ISOT,results_2_few_shot
metoda16,run16_WELFake_pr_curve.csv,1.0,1,WELFake,results_2_few_shot
metoda13,run13_WELFake_pr_curve.csv,1.0,2,WELFake,results_2_few_shot
metoda12-rf,run12-rf_WELFake_pr_curve.csv,0.8163095238095237,3,WELFake,results_2_few_shot
metoda10,run10_WELFake_pr_curve.csv,0.8022222222222222,4,WELFake,results_2_few_shot
metoda14,run14_WELFake_pr_curve.csv,0.7984126984126985,5,WELFake,results_2_few_shot
metoda18,run18_WELFake_pr_curve.csv,0.7543650793650793,6,WELFake,results_2_few_shot
metoda9,run9_WELFake_pr_curve.csv,0.7514285714285713,7,WELFake,results_2_few_shot
metoda20,run20_WELFake_pr_curve.csv,0.7432539682539683,8,WELFake,results_2_few_shot
metoda8,run8_WELFake_pr_curve.csv,0.7432539682539683,9,WELFake,results_2_few_shot
metoda15,run15_WELFake_pr_curve.csv,0.7432539682539683,10,WELFake,results_2_few_shot
metoda6,run6_WELFake_pr_curve.csv,0.7432539682539683,11,WELFake,results_2_few_shot
metoda4,run4_WELFake_pr_curve.csv,0.7432539682539683,12,WELFake,results_2_few_shot
metoda3,run3_WELFake_pr_curve.csv,0.7432539682539683,13,WELFake,results_2_few_shot
metoda2,run2_WELFake_pr_curve.csv,0.7432539682539683,14,WELFake,results_2_few_shot
metoda7,run7_WELFake_pr_curve.csv,0.7400793650793651,15,WELFake,results_2_few_shot
metoda11,run11_WELFake_pr_curve.csv,0.7180555555555554,16,WELFake,results_2_few_shot
metoda12-catboost,run12-catboost_WELFake_pr_curve.csv,0.6692460317460317,17,WELFake,results_2_few_shot
metoda5,run5_WELFake_pr_curve.csv,0.5688888888888889,18,WELFake,results_2_few_shot
metoda19,run19_WELFake_pr_curve.csv,0.5546428571428571,19,WELFake,results_2_few_shot
metoda17,run17_WELFake_pr_curve.csv,0.4217460317460317,20,WELFake,results_2_few_shot
metoda1-4,run1-4_WELFake_pr_curve.csv,0.3859126984126984,21,WELFake,results_2_few_shot
metoda1-3,run1-3_WELFake_pr_curve.csv,0.37579365079365074,22,WELFake,results_2_few_shot
metoda1-2,run1-2_WELFake_pr_curve.csv,0.37579365079365074,23,WELFake,results_2_few_shot
metoda1-5,run1-5_WELFake_pr_curve.csv,0.37579365079365074,24,WELFake,results_2_few_shot
metoda1-1,run1-1_WELFake_pr_curve.csv,0.37579365079365074,25,WELFake,results_2_few_shot
metoda1-1,run1-1_BuzzFeed_pr_curve.csv,1.0,1,BuzzFeed,results_2_one_shot
metoda1-2,run1-2_BuzzFeed_pr_curve.csv,1.0,2,BuzzFeed,results_2_one_shot
metoda7,run7_BuzzFeed_pr_curve.csv,1.0,3,BuzzFeed,results_2_one_shot
metoda5,run5_BuzzFeed_pr_curve.csv,1.0,4,BuzzFeed,results_2_one_shot
metoda3,run3_BuzzFeed_pr_curve.csv,1.0,5,BuzzFeed,results_2_one_shot
metoda19,run19_BuzzFeed_pr_curve.csv,1.0,6,BuzzFeed,results_2_one_shot
metoda18,run18_BuzzFeed_pr_curve.csv,1.0,7,BuzzFeed,results_2_one_shot
metoda17,run17_BuzzFeed_pr_curve.csv,1.0,8,BuzzFeed,results_2_one_shot
metoda14,run14_BuzzFeed_pr_curve.csv,1.0,9,BuzzFeed,results_2_one_shot
metoda13,run13_BuzzFeed_pr_curve.csv,1.0,10,BuzzFeed,results_2_one_shot
metoda12-rf,run12-rf_BuzzFeed_pr_curve.csv,1.0,11,BuzzFeed,results_2_one_shot
metoda12-catboost,run12-catboost_BuzzFeed_pr_curve.csv,1.0,12,BuzzFeed,results_2_one_shot
metoda11,run11_BuzzFeed_pr_curve.csv,1.0,13,BuzzFeed,results_2_one_shot
metoda10,run10_BuzzFeed_pr_curve.csv,1.0,14,BuzzFeed,results_2_one_shot
metoda9,run9_BuzzFeed_pr_curve.csv,1.0,15,BuzzFeed,results_2_one_shot
metoda16,run16_BuzzFeed_pr_curve.csv,0.75,16,BuzzFeed,results_2_one_shot
metoda1-5,run1-5_BuzzFeed_pr_curve.csv,0.25,17,BuzzFeed,results_2_one_shot
metoda1-4,run1-4_BuzzFeed_pr_curve.csv,0.25,18,BuzzFeed,results_2_one_shot
metoda1-3,run1-3_BuzzFeed_pr_curve.csv,0.25,19,BuzzFeed,results_2_one_shot
metoda1-1,run1-1_ISOT_pr_curve.csv,1.0,1,ISOT,results_2_one_shot
metoda12-catboost,run12-catboost_ISOT_pr_curve.csv,1.0,2,ISOT,results_2_one_shot
metoda7,run7_ISOT_pr_curve.csv,1.0,3,ISOT,results_2_one_shot
metoda3,run3_ISOT_pr_curve.csv,1.0,4,ISOT,results_2_one_shot
metoda18,run18_ISOT_pr_curve.csv,1.0,5,ISOT,results_2_one_shot
metoda17,run17_ISOT_pr_curve.csv,1.0,6,ISOT,results_2_one_shot
metoda1-2,run1-2_ISOT_pr_curve.csv,1.0,7,ISOT,results_2_one_shot
metoda9,run9_ISOT_pr_curve.csv,1.0,8,ISOT,results_2_one_shot
metoda11,run11_ISOT_pr_curve.csv,1.0,9,ISOT,results_2_one_shot
metoda10,run10_ISOT_pr_curve.csv,1.0,10,ISOT,results_2_one_shot
metoda1-5,run1-5_ISOT_pr_curve.csv,1.0,11,ISOT,results_2_one_shot
metoda1-4,run1-4_ISOT_pr_curve.csv,1.0,12,ISOT,results_2_one_shot
metoda1-3,run1-3_ISOT_pr_curve.csv,1.0,13,ISOT,results_2_one_shot
metoda12-rf,run12-rf_ISOT_pr_curve.csv,0.25,14,ISOT,results_2_one_shot
metoda14,run14_ISOT_pr_curve.csv,0.25,15,ISOT,results_2_one_shot
metoda16,run16_ISOT_pr_curve.csv,0.25,16,ISOT,results_2_one_shot
metoda19,run19_ISOT_pr_curve.csv,0.25,17,ISOT,results_2_one_shot
metoda5,run5_ISOT_pr_curve.csv,0.25,18,ISOT,results_2_one_shot
metoda13,run13_ISOT_pr_curve.csv,0.25,19,ISOT,results_2_one_shot
metoda13,run13_WELFake_pr_curve.csv,1.0,1,WELFake,results_2_one_shot
metoda12-rf,run12-rf_WELFake_pr_curve.csv,1.0,2,WELFake,results_2_one_shot
metoda5,run5_WELFake_pr_curve.csv,1.0,3,WELFake,results_2_one_shot
metoda18,run18_WELFake_pr_curve.csv,1.0,4,WELFake,results_2_one_shot
metoda17,run17_WELFake_pr_curve.csv,1.0,5,WELFake,results_2_one_shot
metoda16,run16_WELFake_pr_curve.csv,1.0,6,WELFake,results_2_one_shot
metoda14,run14_WELFake_pr_curve.csv,1.0,7,WELFake,results_2_one_shot
metoda9,run9_WELFake_pr_curve.csv,1.0,8,WELFake,results_2_one_shot
metoda12-catboost,run12-catboost_WELFake_pr_curve.csv,0.25,9,WELFake,results_2_one_shot
metoda1-2,run1-2_WELFake_pr_curve.csv,0.25,10,WELFake,results_2_one_shot
metoda11,run11_WELFake_pr_curve.csv,0.25,11,WELFake,results_2_one_shot
metoda10,run10_WELFake_pr_curve.csv,0.25,12,WELFake,results_2_one_shot
metoda1-5,run1-5_WELFake_pr_curve.csv,0.25,13,WELFake,results_2_one_shot
metoda1-4,run1-4_WELFake_pr_curve.csv,0.25,14,WELFake,results_2_one_shot
metoda19,run19_WELFake_pr_curve.csv,0.25,15,WELFake,results_2_one_shot
metoda3,run3_WELFake_pr_curve.csv,0.25,16,WELFake,results_2_one_shot
metoda1-3,run1-3_WELFake_pr_curve.csv,0.25,17,WELFake,results_2_one_shot
metoda7,run7_WELFake_pr_curve.csv,0.25,18,WELFake,results_2_one_shot
metoda1-1,run1-1_WELFake_pr_curve.csv,0.25,19,WELFake,results_2_one_shot
metoda1-4,run1-4_BuzzFeed_pr_curve.csv,0.8496817431143933,1,BuzzFeed,results_3_classic
metoda1-3,run1-3_BuzzFeed_pr_curve.csv,0.8376706095891835,2,BuzzFeed,results_3_classic
metoda17,run17_BuzzFeed_pr_curve.csv,0.8107443772064097,3,BuzzFeed,results_3_classic
metoda12-catboost,run12-catboost_BuzzFeed_pr_curve.csv,0.808796646149738,4,BuzzFeed,results_3_classic
metoda11,run11_BuzzFeed_pr_curve.csv,0.8029084470376917,5,BuzzFeed,results_3_classic
metoda13,run13_BuzzFeed_pr_curve.csv,0.7934281247908271,6,BuzzFeed,results_3_classic
metoda10,run10_BuzzFeed_pr_curve.csv,0.7925396875186547,7,BuzzFeed,results_3_classic
metoda14,run14_BuzzFeed_pr_curve.csv,0.791414718759789,8,BuzzFeed,results_3_classic
metoda5,run5_BuzzFeed_pr_curve.csv,0.7906021793358348,9,BuzzFeed,results_3_classic
metoda16,run16_BuzzFeed_pr_curve.csv,0.7807529461629479,10,BuzzFeed,results_3_classic
metoda19,run19_BuzzFeed_pr_curve.csv,0.7451967832309706,11,BuzzFeed,results_3_classic
metoda4,run4_BuzzFeed_pr_curve.csv,0.7432432432432432,12,BuzzFeed,results_3_classic
metoda7,run7_BuzzFeed_pr_curve.csv,0.7342807407843406,13,BuzzFeed,results_3_classic
metoda12-rf,run12-rf_BuzzFeed_pr_curve.csv,0.7289530221525284,14,BuzzFeed,results_3_classic
metoda18,run18_BuzzFeed_pr_curve.csv,0.7196175178451075,15,BuzzFeed,results_3_classic
metoda9,run9_BuzzFeed_pr_curve.csv,0.7051544961332376,16,BuzzFeed,results_3_classic
metoda1-1,run1-1_BuzzFeed_pr_curve.csv,0.6908092955058106,17,BuzzFeed,results_3_classic
metoda20,run20_BuzzFeed_pr_curve.csv,0.6672212700650494,18,BuzzFeed,results_3_classic
metoda2,run2_BuzzFeed_pr_curve.csv,0.6672212700650494,19,BuzzFeed,results_3_classic
metoda15,run15_BuzzFeed_pr_curve.csv,0.6672212700650494,20,BuzzFeed,results_3_classic
metoda6,run6_BuzzFeed_pr_curve.csv,0.6672212700650494,21,BuzzFeed,results_3_classic
metoda8,run8_BuzzFeed_pr_curve.csv,0.6672212700650494,22,BuzzFeed,results_3_classic
metoda1-2,run1-2_BuzzFeed_pr_curve.csv,0.6331239978276471,23,BuzzFeed,results_3_classic
metoda1-5,run1-5_BuzzFeed_pr_curve.csv,0.6180886152978592,24,BuzzFeed,results_3_classic
metoda3,run3_BuzzFeed_pr_curve.csv,0.5514814416396119,25,BuzzFeed,results_3_classic
metoda1-3,run1-3_ISOT_pr_curve.csv,0.9983141506623671,1,ISOT,results_3_classic
metoda1-1,run1-1_ISOT_pr_curve.csv,0.9982131755294871,2,ISOT,results_3_classic
metoda1-4,run1-4_ISOT_pr_curve.csv,0.9969311900827256,3,ISOT,results_3_classic
metoda1-5,run1-5_ISOT_pr_curve.csv,0.9966061904121875,4,ISOT,results_3_classic
metoda10,run10_ISOT_pr_curve.csv,0.9963426140582399,5,ISOT,results_3_classic
metoda17,run17_ISOT_pr_curve.csv,0.9953180318956274,6,ISOT,results_3_classic
metoda16,run16_ISOT_pr_curve.csv,0.9950514143156025,7,ISOT,results_3_classic
metoda14,run14_ISOT_pr_curve.csv,0.9950302285315784,8,ISOT,results_3_classic
metoda11,run11_ISOT_pr_curve.csv,0.9944137659426247,9,ISOT,results_3_classic
metoda13,run13_ISOT_pr_curve.csv,0.9929599480782348,10,ISOT,results_3_classic
metoda1-2,run1-2_ISOT_pr_curve.csv,0.9927340587748195,11,ISOT,results_3_classic
metoda5,run5_ISOT_pr_curve.csv,0.992605318115904,12,ISOT,results_3_classic
metoda9,run9_ISOT_pr_curve.csv,0.9915017701771872,13,ISOT,results_3_classic
metoda18,run18_ISOT_pr_curve.csv,0.9902244195703823,14,ISOT,results_3_classic
metoda19,run19_ISOT_pr_curve.csv,0.9782595895293189,15,ISOT,results_3_classic
metoda12-rf,run12-rf_ISOT_pr_curve.csv,0.9759073019043242,16,ISOT,results_3_classic
metoda8,run8_ISOT_pr_curve.csv,0.9674083148706891,17,ISOT,results_3_classic
metoda6,run6_ISOT_pr_curve.csv,0.9674083148706891,18,ISOT,results_3_classic
metoda20,run20_ISOT_pr_curve.csv,0.9674083148706891,19,ISOT,results_3_classic
metoda2,run2_ISOT_pr_curve.csv,0.9674083148706891,20,ISOT,results_3_classic
metoda15,run15_ISOT_pr_curve.csv,0.9674083148706891,21,ISOT,results_3_classic
metoda7,run7_ISOT_pr_curve.csv,0.9643369952742059,22,ISOT,results_3_classic
metoda12-catboost,run12-catboost_ISOT_pr_curve.csv,0.9553880014602064,23,ISOT,results_3_classic
metoda3,run3_ISOT_pr_curve.csv,0.9236751785899429,24,ISOT,results_3_classic
metoda4,run4_ISOT_pr_curve.csv,0.7364699331848552,25,ISOT,results_3_classic
metoda1-2,run1-2_WELFake_pr_curve.csv,0.9905385699254715,1,WELFake,results_3_classic
metoda1-1,run1-1_WELFake_pr_curve.csv,0.9902987132194803,2,WELFake,results_3_classic
metoda13,run13_WELFake_pr_curve.csv,0.9884100976659573,3,WELFake,results_3_classic
metoda1-5,run1-5_WELFake_pr_curve.csv,0.9882027755739027,4,WELFake,results_3_classic
metoda1-3,run1-3_WELFake_pr_curve.csv,0.9881514217248923,5,WELFake,results_3_classic
metoda10,run10_WELFake_pr_curve.csv,0.9877574156839433,6,WELFake,results_3_classic
metoda1-4,run1-4_WELFake_pr_curve.csv,0.9867879007422797,7,WELFake,results_3_classic
metoda5,run5_WELFake_pr_curve.csv,0.9865319926296834,8,WELFake,results_3_classic
metoda17,run17_WELFake_pr_curve.csv,0.9822252479650015,9,WELFake,results_3_classic
metoda18,run18_WELFake_pr_curve.csv,0.9815619022162749,10,WELFake,results_3_classic
metoda14,run14_WELFake_pr_curve.csv,0.9797636721818082,11,WELFake,results_3_classic
metoda16,run16_WELFake_pr_curve.csv,0.9797531896320277,12,WELFake,results_3_classic
metoda9,run9_WELFake_pr_curve.csv,0.9786216268329592,13,WELFake,results_3_classic
metoda11,run11_WELFake_pr_curve.csv,0.9772994562589772,14,WELFake,results_3_classic
metoda19,run19_WELFake_pr_curve.csv,0.9662359368557085,15,WELFake,results_3_classic
metoda12-rf,run12-rf_WELFake_pr_curve.csv,0.9634449394133886,16,WELFake,results_3_classic
metoda12-catboost,run12-catboost_WELFake_pr_curve.csv,0.9578020755623831,17,WELFake,results_3_classic
metoda7,run7_WELFake_pr_curve.csv,0.9331228235667028,18,WELFake,results_3_classic
metoda15,run15_WELFake_pr_curve.csv,0.9316448358722985,19,WELFake,results_3_classic
metoda20,run20_WELFake_pr_curve.csv,0.9316448358722985,20,WELFake,results_3_classic
metoda2,run2_WELFake_pr_curve.csv,0.9316448358722985,21,WELFake,results_3_classic
metoda6,run6_WELFake_pr_curve.csv,0.9316448358722985,22,WELFake,results_3_classic
metoda8,run8_WELFake_pr_curve.csv,0.9316448358722985,23,WELFake,results_3_classic
metoda3,run3_WELFake_pr_curve.csv,0.8877773295634083,24,WELFake,results_3_classic
metoda4,run4_WELFake_pr_curve.csv,0.7844983475712415,25,WELFake,results_3_classic
metoda1-3,run1-3_BuzzFeed_pr_curve.csv,0.9633333333333334,1,BuzzFeed,results_3_few_shot
metoda1-5,run1-5_BuzzFeed_pr_curve.csv,0.9380952380952381,2,BuzzFeed,results_3_few_shot
metoda5,run5_BuzzFeed_pr_curve.csv,0.9380952380952381,3,BuzzFeed,results_3_few_shot
metoda1-1,run1-1_BuzzFeed_pr_curve.csv,0.9183333333333332,4,BuzzFeed,results_3_few_shot
metoda1-2,run1-2_BuzzFeed_pr_curve.csv,0.9183333333333332,5,BuzzFeed,results_3_few_shot
metoda19,run19_BuzzFeed_pr_curve.csv,0.9183333333333332,6,BuzzFeed,results_3_few_shot
metoda1-4,run1-4_BuzzFeed_pr_curve.csv,0.874642857142857,7,BuzzFeed,results_3_few_shot
metoda17,run17_BuzzFeed_pr_curve.csv,0.874642857142857,8,BuzzFeed,results_3_few_shot
metoda16,run16_BuzzFeed_pr_curve.csv,0.8647619047619046,9,BuzzFeed,results_3_few_shot
metoda13,run13_BuzzFeed_pr_curve.csv,0.8347619047619046,10,BuzzFeed,results_3_few_shot
metoda11,run11_BuzzFeed_pr_curve.csv,0.8322222222222222,11,BuzzFeed,results_3_few_shot
metoda12-catboost,run12-catboost_BuzzFeed_pr_curve.csv,0.8022222222222222,12,BuzzFeed,results_3_few_shot
metoda15,run15_BuzzFeed_pr_curve.csv,0.7563095238095239,13,BuzzFeed,results_3_few_shot
metoda20,run20_BuzzFeed_pr_curve.csv,0.7563095238095239,14,BuzzFeed,results_3_few_shot
metoda2,run2_BuzzFeed_pr_curve.csv,0.7563095238095239,15,BuzzFeed,results_3_few_shot
metoda6,run6_BuzzFeed_pr_curve.csv,0.7563095238095239,16,BuzzFeed,results_3_few_shot
metoda8,run8_BuzzFeed_pr_curve.csv,0.7563095238095239,17,BuzzFeed,results_3_few_shot
metoda4,run4_BuzzFeed_pr_curve.csv,0.75,18,BuzzFeed,results_3_few_shot
metoda7,run7_BuzzFeed_pr_curve.csv,0.7046428571428571,19,BuzzFeed,results_3_few_shot
metoda9,run9_BuzzFeed_pr_curve.csv,0.6851190476190476,20,BuzzFeed,results_3_few_shot
metoda12-rf,run12-rf_BuzzFeed_pr_curve.csv,0.6834523809523809,21,BuzzFeed,results_3_few_shot
metoda18,run18_BuzzFeed_pr_curve.csv,0.6794444444444443,22,BuzzFeed,results_3_few_shot
metoda3,run3_BuzzFeed_pr_curve.csv,0.6396428571428572,23,BuzzFeed,results_3_few_shot
metoda10,run10_BuzzFeed_pr_curve.csv,0.5577777777777778,24,BuzzFeed,results_3_few_shot
metoda14,run14_BuzzFeed_pr_curve.csv,0.3867460317460317,25,BuzzFeed,results_3_few_shot
metoda1-1,run1-1_ISOT_pr_curve.csv,1.0,1,ISOT,results_3_few_shot
metoda15,run15_ISOT_pr_curve.csv,1.0,2,ISOT,results_3_few_shot
metoda8,run8_ISOT_pr_curve.csv,1.0,3,ISOT,results_3_few_shot
metoda7,run7_ISOT_pr_curve.csv,1.0,4,ISOT,results_3_few_shot
metoda6,run6_ISOT_pr_curve.csv,1.0,5,ISOT,results_3_few_shot
metoda5,run5_ISOT_pr_curve.csv,1.0,6,ISOT,results_3_few_shot
metoda2,run2_ISOT_pr_curve.csv,1.0,7,ISOT,results_3_few_shot
metoda20,run20_ISOT_pr_curve.csv,1.0,8,ISOT,results_3_few_shot
metoda19,run19_ISOT_pr_curve.csv,1.0,9,ISOT,results_3_few_shot
metoda17,run17_ISOT_pr_curve.csv,1.0,10,ISOT,results_3_few_shot
metoda16,run16_ISOT_pr_curve.csv,1.0,11,ISOT,results_3_few_shot
metoda14,run14_ISOT_pr_curve.csv,1.0,12,ISOT,results_3_few_shot
metoda13,run13_ISOT_pr_curve.csv,1.0,13,ISOT,results_3_few_shot
metoda12-rf,run12-rf_ISOT_pr_curve.csv,1.0,14,ISOT,results_3_few_shot
metoda12-catboost,run12-catboost_ISOT_pr_curve.csv,1.0,15,ISOT,results_3_few_shot
metoda11,run11_ISOT_pr_curve.csv,1.0,16,ISOT,results_3_few_shot
metoda10,run10_ISOT_pr_curve.csv,1.0,17,ISOT,results_3_few_shot
metoda1-5,run1-5_ISOT_pr_curve.csv,1.0,18,ISOT,results_3_few_shot
metoda1-4,run1-4_ISOT_pr_curve.csv,1.0,19,ISOT,results_3_few_shot
metoda1-3,run1-3_ISOT_pr_curve.csv,1.0,20,ISOT,results_3_few_shot
metoda9,run9_ISOT_pr_curve.csv,1.0,21,ISOT,results_3_few_shot
metoda1-2,run1-2_ISOT_pr_curve.csv,0.9633333333333334,22,ISOT,results_3_few_shot
metoda18,run18_ISOT_pr_curve.csv,0.9633333333333334,23,ISOT,results_3_few_shot
metoda3,run3_ISOT_pr_curve.csv,0.9633333333333334,24,ISOT,results_3_few_shot
metoda4,run4_ISOT_pr_curve.csv,0.75,25,ISOT,results_3_few_shot
metoda16,run16_WELFake_pr_curve.csv,1.0,1,WELFake,results_3_few_shot
metoda17,run17_WELFake_pr_curve.csv,1.0,2,WELFake,results_3_few_shot
metoda7,run7_WELFake_pr_curve.csv,1.0,3,WELFake,results_3_few_shot
metoda5,run5_WELFake_pr_curve.csv,1.0,4,WELFake,results_3_few_shot
metoda20,run20_WELFake_pr_curve.csv,1.0,5,WELFake,results_3_few_shot
metoda10,run10_WELFake_pr_curve.csv,1.0,6,WELFake,results_3_few_shot
metoda19,run19_WELFake_pr_curve.csv,1.0,7,WELFake,results_3_few_shot
metoda18,run18_WELFake_pr_curve.csv,1.0,8,WELFake,results_3_few_shot
metoda12-rf,run12-rf_WELFake_pr_curve.csv,1.0,9,WELFake,results_3_few_shot
metoda13,run13_WELFake_pr_curve.csv,1.0,10,WELFake,results_3_few_shot
metoda9,run9_WELFake_pr_curve.csv,0.9633333333333334,11,WELFake,results_3_few_shot
metoda14,run14_WELFake_pr_curve.csv,0.9633333333333334,12,WELFake,results_3_few_shot
metoda1-5,run1-5_WELFake_pr_curve.csv,0.9633333333333334,13,WELFake,results_3_few_shot
metoda11,run11_WELFake_pr_curve.csv,0.9183333333333332,14,WELFake,results_3_few_shot
metoda3,run3_WELFake_pr_curve.csv,0.8930952380952379,15,WELFake,results_3_few_shot
metoda1-2,run1-2_WELFake_pr_curve.csv,0.8599999999999999,16,WELFake,results_3_few_shot
metoda1-3,run1-3_WELFake_pr_curve.csv,0.8599999999999999,17,WELFake,results_3_few_shot
metoda1-1,run1-1_WELFake_pr_curve.csv,0.8599999999999999,18,WELFake,results_3_few_shot
metoda12-catboost,run12-catboost_WELFake_pr_curve.csv,0.845,19,WELFake,results_3_few_shot
metoda1-4,run1-4_WELFake_pr_curve.csv,0.8347619047619046,20,WELFake,results_3_few_shot
metoda15,run15_WELFake_pr_curve.csv,0.8163095238095237,21,WELFake,results_3_few_shot
metoda2,run2_WELFake_pr_curve.csv,0.8163095238095237,22,WELFake,results_3_few_shot
metoda6,run6_WELFake_pr_curve.csv,0.8163095238095237,23,WELFake,results_3_few_shot
metoda8,run8_WELFake_pr_curve.csv,0.8163095238095237,24,WELFake,results_3_few_shot
metoda4,run4_WELFake_pr_curve.csv,0.75,25,WELFake,results_3_few_shot
metoda1-1,run1-1_BuzzFeed_pr_curve.csv,1.0,1,BuzzFeed,results_3_one_shot
metoda8,run8_BuzzFeed_pr_curve.csv,1.0,2,BuzzFeed,results_3_one_shot
metoda1-4,run1-4_BuzzFeed_pr_curve.csv,1.0,3,BuzzFeed,results_3_one_shot
metoda10,run10_BuzzFeed_pr_curve.csv,1.0,4,BuzzFeed,results_3_one_shot
metoda11,run11_BuzzFeed_pr_curve.csv,1.0,5,BuzzFeed,results_3_one_shot
metoda6,run6_BuzzFeed_pr_curve.csv,1.0,6,BuzzFeed,results_3_one_shot
metoda3,run3_BuzzFeed_pr_curve.csv,1.0,7,BuzzFeed,results_3_one_shot
metoda15,run15_BuzzFeed_pr_curve.csv,1.0,8,BuzzFeed,results_3_one_shot
metoda1-2,run1-2_BuzzFeed_pr_curve.csv,1.0,9,BuzzFeed,results_3_one_shot
metoda2,run2_BuzzFeed_pr_curve.csv,1.0,10,BuzzFeed,results_3_one_shot
metoda20,run20_BuzzFeed_pr_curve.csv,1.0,11,BuzzFeed,results_3_one_shot
metoda4,run4_BuzzFeed_pr_curve.csv,0.75,12,BuzzFeed,results_3_one_shot
metoda19,run19_BuzzFeed_pr_curve.csv,0.25,13,BuzzFeed,results_3_one_shot
metoda7,run7_BuzzFeed_pr_curve.csv,0.25,14,BuzzFeed,results_3_one_shot
metoda5,run5_BuzzFeed_pr_curve.csv,0.25,15,BuzzFeed,results_3_one_shot
metoda16,run16_BuzzFeed_pr_curve.csv,0.25,16,BuzzFeed,results_3_one_shot
metoda18,run18_BuzzFeed_pr_curve.csv,0.25,17,BuzzFeed,results_3_one_shot
metoda17,run17_BuzzFeed_pr_curve.csv,0.25,18,BuzzFeed,results_3_one_shot
metoda14,run14_BuzzFeed_pr_curve.csv,0.25,19,BuzzFeed,results_3_one_shot
metoda13,run13_BuzzFeed_pr_curve.csv,0.25,20,BuzzFeed,results_3_one_shot
metoda12-rf,run12-rf_BuzzFeed_pr_curve.csv,0.25,21,BuzzFeed,results_3_one_shot
metoda12-catboost,run12-catboost_BuzzFeed_pr_curve.csv,0.25,22,BuzzFeed,results_3_one_shot
metoda1-5,run1-5_BuzzFeed_pr_curve.csv,0.25,23,BuzzFeed,results_3_one_shot
metoda1-3,run1-3_BuzzFeed_pr_curve.csv,0.25,24,BuzzFeed,results_3_one_shot
metoda9,run9_BuzzFeed_pr_curve.csv,0.25,25,BuzzFeed,results_3_one_shot
metoda1-1,run1-1_ISOT_pr_curve.csv,1.0,1,ISOT,results_3_one_shot
metoda1-2,run1-2_ISOT_pr_curve.csv,1.0,2,ISOT,results_3_one_shot
metoda8,run8_ISOT_pr_curve.csv,1.0,3,ISOT,results_3_one_shot
metoda7,run7_ISOT_pr_curve.csv,1.0,4,ISOT,results_3_one_shot
metoda6,run6_ISOT_pr_curve.csv,1.0,5,ISOT,results_3_one_shot
metoda5,run5_ISOT_pr_curve.csv,1.0,6,ISOT,results_3_one_shot
metoda3,run3_ISOT_pr_curve.csv,1.0,7,ISOT,results_3_one_shot
metoda2,run2_ISOT_pr_curve.csv,1.0,8,ISOT,results_3_one_shot
metoda20,run20_ISOT_pr_curve.csv,1.0,9,ISOT,results_3_one_shot
metoda19,run19_ISOT_pr_curve.csv,1.0,10,ISOT,results_3_one_shot
metoda18,run18_ISOT_pr_curve.csv,1.0,11,ISOT,results_3_one_shot
metoda17,run17_ISOT_pr_curve.csv,1.0,12,ISOT,results_3_one_shot
metoda16,run16_ISOT_pr_curve.csv,1.0,13,ISOT,results_3_one_shot
metoda15,run15_ISOT_pr_curve.csv,1.0,14,ISOT,results_3_one_shot
metoda14,run14_ISOT_pr_curve.csv,1.0,15,ISOT,results_3_one_shot
metoda13,run13_ISOT_pr_curve.csv,1.0,16,ISOT,results_3_one_shot
metoda12-rf,run12-rf_ISOT_pr_curve.csv,1.0,17,ISOT,results_3_one_shot
metoda12-catboost,run12-catboost_ISOT_pr_curve.csv,1.0,18,ISOT,results_3_one_shot
metoda11,run11_ISOT_pr_curve.csv,1.0,19,ISOT,results_3_one_shot
metoda10,run10_ISOT_pr_curve.csv,1.0,20,ISOT,results_3_one_shot
metoda1-5,run1-5_ISOT_pr_curve.csv,1.0,21,ISOT,results_3_one_shot
metoda1-4,run1-4_ISOT_pr_curve.csv,1.0,22,ISOT,results_3_one_shot
metoda1-3,run1-3_ISOT_pr_curve.csv,1.0,23,ISOT,results_3_one_shot
metoda9,run9_ISOT_pr_curve.csv,1.0,24,ISOT,results_3_one_shot
metoda4,run4_ISOT_pr_curve.csv,0.75,25,ISOT,results_3_one_shot
metoda1-1,run1-1_WELFake_pr_curve.csv,1.0,1,WELFake,results_3_one_shot
metoda1-2,run1-2_WELFake_pr_curve.csv,1.0,2,WELFake,results_3_one_shot
metoda8,run8_WELFake_pr_curve.csv,1.0,3,WELFake,results_3_one_shot
metoda7,run7_WELFake_pr_curve.csv,1.0,4,WELFake,results_3_one_shot
metoda6,run6_WELFake_pr_curve.csv,1.0,5,WELFake,results_3_one_shot
metoda5,run5_WELFake_pr_curve.csv,1.0,6,WELFake,results_3_one_shot
metoda3,run3_WELFake_pr_curve.csv,1.0,7,WELFake,results_3_one_shot
metoda2,run2_WELFake_pr_curve.csv,1.0,8,WELFake,results_3_one_shot
metoda20,run20_WELFake_pr_curve.csv,1.0,9,WELFake,results_3_one_shot
metoda19,run19_WELFake_pr_curve.csv,1.0,10,WELFake,results_3_one_shot
metoda18,run18_WELFake_pr_curve.csv,1.0,11,WELFake,results_3_one_shot
metoda17,run17_WELFake_pr_curve.csv,1.0,12,WELFake,results_3_one_shot
metoda16,run16_WELFake_pr_curve.csv,1.0,13,WELFake,results_3_one_shot
metoda15,run15_WELFake_pr_curve.csv,1.0,14,WELFake,results_3_one_shot
metoda14,run14_WELFake_pr_curve.csv,1.0,15,WELFake,results_3_one_shot
metoda13,run13_WELFake_pr_curve.csv,1.0,16,WELFake,results_3_one_shot
metoda12-rf,run12-rf_WELFake_pr_curve.csv,1.0,17,WELFake,results_3_one_shot
metoda12-catboost,run12-catboost_WELFake_pr_curve.csv,1.0,18,WELFake,results_3_one_shot
metoda11,run11_WELFake_pr_curve.csv,1.0,19,WELFake,results_3_one_shot
metoda10,run10_WELFake_pr_curve.csv,1.0,20,WELFake,results_3_one_shot
metoda1-5,run1-5_WELFake_pr_curve.csv,1.0,21,WELFake,results_3_one_shot
metoda1-4,run1-4_WELFake_pr_curve.csv,1.0,22,WELFake,results_3_one_shot
metoda1-3,run1-3_WELFake_pr_curve.csv,1.0,23,WELFake,results_3_one_shot
metoda9,run9_WELFake_pr_curve.csv,1.0,24,WELFake,results_3_one_shot
metoda4,run4_WELFake_pr_curve.csv,0.75,25,WELFake,results_3_one_shot
